-- SQLite Database Dump
-- Database: pos_cremeria.db
-- Date: 2025-11-16 23:29:35
-- Generated by dump_db.py

BEGIN TRANSACTION;

BEGIN TRANSACTION;
CREATE TABLE creditos_pendientes (
    id INTEGER PRIMARY KEY AUTOINCREMENT,
    cliente TEXT NOT NULL,
    monto REAL NOT NULL,
    fecha_venta TEXT NOT NULL,
    fecha_vencimiento TEXT NOT NULL,
    venta_id INTEGER,
    pagado INTEGER DEFAULT 0, hora_vencimiento TEXT DEFAULT '15:00', alerta_mostrada INTEGER DEFAULT 0,
    FOREIGN KEY (venta_id) REFERENCES ventas (id)
);
CREATE TABLE egresos_adicionales (
            id INTEGER PRIMARY KEY AUTOINCREMENT,
            fecha TIMESTAMP DEFAULT CURRENT_TIMESTAMP,
            tipo TEXT NOT NULL,
            descripcion TEXT NOT NULL,
            monto REAL NOT NULL,
            observaciones TEXT,
            usuario TEXT DEFAULT 'Sistema'
        );
INSERT INTO "egresos_adicionales" VALUES(1,'2025-10-30 00:00:00','Servicios','Pago de Contador',1500.0,'del mes de Octubre','Sistema');
INSERT INTO "egresos_adicionales" VALUES(2,'2025-10-30 00:00:00','Otros','Pedido para la casa ',300.0,'Pedido realizado a Paul ','Sistema');
INSERT INTO "egresos_adicionales" VALUES(3,'2025-11-13 00:00:00','Otros','Pedido a la casa ',100.0,'se lo pedi a kevin ','Sistema');
CREATE TABLE ingresos_pasivos (
            id INTEGER PRIMARY KEY AUTOINCREMENT,
            fecha TIMESTAMP DEFAULT CURRENT_TIMESTAMP,
            descripcion TEXT NOT NULL,
            monto REAL NOT NULL,
            observaciones TEXT,
            usuario TEXT DEFAULT 'Sistema'
        );
INSERT INTO "ingresos_pasivos" VALUES(1,'2025-10-30 00:00:00','Apartado del mes de octubre',3000.0,'','Sistema');
CREATE TABLE pedidos_reabastecimiento (
            id INTEGER PRIMARY KEY AUTOINCREMENT,
            codigo_producto TEXT NOT NULL,
            nombre_producto TEXT NOT NULL,
            cantidad_solicitada REAL NOT NULL,
            cantidad_recibida REAL DEFAULT 0,
            precio_unitario REAL NOT NULL,
            costo_total REAL NOT NULL,
            proveedor TEXT DEFAULT '',
            fecha_pedido TEXT NOT NULL,
            fecha_entrega_esperada TEXT,
            fecha_entrega_real TEXT,
            estado TEXT DEFAULT 'PENDIENTE',
            completado INTEGER DEFAULT 0,
            notas TEXT DEFAULT '',
            creado_por TEXT NOT NULL,
            fecha_creacion TEXT DEFAULT CURRENT_TIMESTAMP,
            FOREIGN KEY(codigo_producto) REFERENCES productos(codigo)
        );
CREATE TABLE productos (
    codigo TEXT PRIMARY KEY,
    nombre TEXT NOT NULL,
    precio_normal REAL NOT NULL,
    precio_mayoreo_1 REAL NOT NULL,
    stock INTEGER NOT NULL
, precio_compra REAL DEFAULT 0, precio_mayoreo_2 REAL DEFAULT 0, precio_mayoreo_3 REAL DEFAULT 0, stock_minimo INTEGER DEFAULT 10, tipo_venta TEXT DEFAULT 'unidad', precio_por_kg REAL DEFAULT 0, peso_unitario REAL DEFAULT 0, stock_kg REAL DEFAULT 0, stock_minimo_kg REAL DEFAULT 0, categoria TEXT DEFAULT 'cremeria', stock_maximo INTEGER DEFAULT 0, stock_maximo_kg REAL DEFAULT 0);
INSERT INTO "productos" VALUES('11111','Yogurt Natural',28.0,27.0,20,22.0,26.0,25.0,10,'unidad',0.0,0.0,0.0,0.0,'cremeria',0,0.0);
INSERT INTO "productos" VALUES('44444','Queso',150.0,142.5,7,100.0,135.0,127.5,2,'granel',150.0,3.0,21.0,0.0,'cremeria',0,0.0);
INSERT INTO "productos" VALUES('66666','Salchicha de pavo',27.0,25.65,0,20.0,24.84,24.3,0,'granel',27.0,0.0,20.0,4.0,'cremeria',0,0.0);
INSERT INTO "productos" VALUES('200006500','Queso Cotija',142.0,134.9,-3,130.0,130.64,127.8,0,'granel',142.0,0.0,8.635,2.0,'cremeria',0,0.0);
INSERT INTO "productos" VALUES('33333','Piña',39.0,37.0,15,30.0,36.0,35.0,5,'unidad',0.0,0.0,0.0,0.0,'abarrotes',0,0.0);
INSERT INTO "productos" VALUES('20803010','Yogurt Yoplay Durazno',49.0,0.0,17,39.0,0.0,0.0,5,'unidad',0.0,0.0,0.0,0.0,'cremeria',0,0.0);
INSERT INTO "productos" VALUES('22222','Jalapeños 105g',36.0,35.0,15,30.0,34.0,33.0,5,'unidad',0.0,0.0,0.0,0.0,'abarrotes',0,0.0);
INSERT INTO "productos" VALUES('200000300','Jamon Pierna Andalucia',125.0,118.75,-3,100.0,115.0,112.5,0,'granel',125.0,0.0,14.115,2.0,'cremeria',0,0.0);
INSERT INTO "productos" VALUES('20001400','Huevo Blanco',42.0,39.9,-1,39.0,38.64,37.8,0,'granel',42.0,0.0,38.125,5.0,'cremeria',0,0.0);
INSERT INTO "productos" VALUES('20004010','Galleta Campechana',63.0,59.0,18,58.0,57.0,56.0,5,'unidad',0.0,0.0,0.0,0.0,'abarrotes',0,0.0);
INSERT INTO "productos" VALUES('20001050','Crema Robles',72.0,68.4,-1,60.0,66.24,64.8,0,'granel',72.0,0.0,18.895,4.0,'cremeria',0,0.0);
INSERT INTO "productos" VALUES('200005200','Queso Panela',110.0,104.5,-2,90.0,101.2,99.0,0,'granel',110.0,0.0,-4.440892098500626161e-16,2.0,'cremeria',0,0.0);
CREATE TABLE turnos (
    id INTEGER PRIMARY KEY AUTOINCREMENT,
    empleado TEXT NOT NULL,
    turno INTEGER NOT NULL,
    timestamp TEXT NOT NULL
);
INSERT INTO "turnos" VALUES(1,'Carlos',1,'2025-10-27 20:15:14');
INSERT INTO "turnos" VALUES(2,'Ana',2,'2025-10-27 23:12:06');
INSERT INTO "turnos" VALUES(3,'Marta',3,'2025-10-27 23:12:16');
INSERT INTO "turnos" VALUES(4,'Ana',4,'2025-10-27 23:12:25');
INSERT INTO "turnos" VALUES(5,'Ana',5,'2025-10-30 18:22:20');
INSERT INTO "turnos" VALUES(6,'Ana',6,'2025-11-13 03:16:57');
CREATE TABLE usuarios_admin (
        id INTEGER PRIMARY KEY AUTOINCREMENT,
        usuario TEXT UNIQUE NOT NULL,
        password TEXT NOT NULL,
        nombre_completo TEXT NOT NULL,
        rol TEXT DEFAULT 'usuario',
        activo INTEGER DEFAULT 1,
        fecha_creacion TIMESTAMP DEFAULT CURRENT_TIMESTAMP,
        ultimo_acceso TIMESTAMP,
        creado_por TEXT DEFAULT 'Sistema'
    );
INSERT INTO "usuarios_admin" VALUES(1,'admin','240be518fabd2724ddb6f04eeb1da5967448d7e831c08c8fa822809f74c720a9','Administrador Principal','admin',1,'2025-11-03 16:49:57','2025-11-16 00:28:58','Migración');
INSERT INTO "usuarios_admin" VALUES(2,'creme','8d969eef6ecad3c29a3a629280e686cf0c3f5d5a86aff3ca12020c923adc6c92','Cremeria Camachos','usuario',1,'2025-11-04 16:46:28','2025-11-04 16:46:41','admin');
CREATE TABLE ventas (
    id INTEGER PRIMARY KEY AUTOINCREMENT,
    fecha TEXT,
    codigo TEXT,
    nombre TEXT,
    cantidad INTEGER,
    precio_unitario REAL,
    total REAL,
    tipo_cliente TEXT
, tipo_pago TEXT DEFAULT 'Efectivo', fecha_vencimiento_credito TEXT, cliente_credito TEXT, pagado INTEGER DEFAULT 1, tipos_pago TEXT DEFAULT 'Efectivo', monto_efectivo REAL DEFAULT 0, monto_tarjeta REAL DEFAULT 0, monto_transferencia REAL DEFAULT 0, monto_credito REAL DEFAULT 0, hora_vencimiento_credito TEXT DEFAULT '15:00', alerta_mostrada INTEGER DEFAULT 0, peso_vendido REAL DEFAULT 0, tipo_venta TEXT DEFAULT 'unidad');
INSERT INTO "ventas" VALUES(1,'2025-11-10 03:39:40','20001400','Huevo Blanco (1.875 Kg)',1,42.0,78.75,'Normal','Efectivo','','',1,'Efectivo',428.31,0.0,0.0,0.0,'15:00',0,1.875,'granel');
INSERT INTO "ventas" VALUES(2,'2025-11-10 03:39:40','20004010','Galleta Campechana',2,63.0,126.0,'Normal','Efectivo','','',1,'Efectivo',428.31,0.0,0.0,0.0,'15:00',0,0.0,'unidad');
INSERT INTO "ventas" VALUES(3,'2025-11-10 03:39:40','20001050','Crema Robles (3.105 Kg)',1,72.0,223.56,'Normal','Efectivo','','',1,'Efectivo',428.31,0.0,0.0,0.0,'15:00',0,3.105,'granel');
INSERT INTO "ventas" VALUES(4,'2025-11-13 02:40:22','200006500','Queso Cotija (0.455 Kg)',1,142.0,64.61,'Normal','Efectivo','','',1,'Efectivo, Tarjeta',100.0,50.49,0.0,0.0,'15:00',0,0.455,'granel');
INSERT INTO "ventas" VALUES(5,'2025-11-13 02:40:22','200000300','Jamon Pierna Andalucia (0.295 Kg)',1,125.0,36.875,'Normal','Efectivo','','',1,'Efectivo, Tarjeta',100.0,50.49,0.0,0.0,'15:00',0,0.295,'granel');
INSERT INTO "ventas" VALUES(6,'2025-11-13 02:40:22','20803010','Yogurt Yoplay Durazno',1,49.0,49.0,'Normal','Efectivo','','',1,'Efectivo, Tarjeta',100.0,50.49,0.0,0.0,'15:00',0,0.0,'unidad');
INSERT INTO "ventas" VALUES(7,'2025-11-13 02:44:00','200006500','Queso Cotija (0.455 Kg)',1,142.0,64.61,'Normal','Efectivo','','',1,'Efectivo',150.485,0.0,0.0,0.0,'15:00',0,0.455,'granel');
INSERT INTO "ventas" VALUES(8,'2025-11-13 02:44:00','200000300','Jamon Pierna Andalucia (0.295 Kg)',1,125.0,36.875,'Normal','Efectivo','','',1,'Efectivo',150.485,0.0,0.0,0.0,'15:00',0,0.295,'granel');
INSERT INTO "ventas" VALUES(9,'2025-11-13 02:44:00','20803010','Yogurt Yoplay Durazno',1,49.0,49.0,'Normal','Efectivo','','',1,'Efectivo',150.485,0.0,0.0,0.0,'15:00',0,0.0,'unidad');
INSERT INTO "ventas" VALUES(10,'2025-11-13 02:54:44','200005200','Queso Panela (0.450 Kg)',1,110.0,2090.0,'Normal','Efectivo','','',1,'Efectivo',2090.0,0.0,0.0,0.0,'15:00',0,19.0,'granel');
INSERT INTO "ventas" VALUES(11,'2025-11-13 02:58:32','200005200','Queso Panela (0.500 Kg)',1,110.0,1.100000000000000426e+02,'Normal','Efectivo','','',1,'Efectivo',1.100000000000000426e+02,0.0,0.0,0.0,'15:00',0,1.000000000000000444e+00,'granel');
INSERT INTO "ventas" VALUES(12,'2025-11-16 00:30:04','200006500','Queso Cotija (0.455 Kg)',1,142.0,64.61,'Normal','Efectivo','','',1,'Efectivo',150.485,0.0,0.0,0.0,'15:00',0,0.455,'granel');
INSERT INTO "ventas" VALUES(13,'2025-11-16 00:30:04','200000300','Jamon Pierna Andalucia (0.295 Kg)',1,125.0,36.875,'Normal','Efectivo','','',1,'Efectivo',150.485,0.0,0.0,0.0,'15:00',0,0.295,'granel');
INSERT INTO "ventas" VALUES(14,'2025-11-16 00:30:04','20803010','Yogurt Yoplay Durazno',1,49.0,49.0,'Normal','Efectivo','','',1,'Efectivo',150.485,0.0,0.0,0.0,'15:00',0,0.0,'unidad');
DELETE FROM "sqlite_sequence";
INSERT INTO "sqlite_sequence" VALUES('usuarios_admin',2);
INSERT INTO "sqlite_sequence" VALUES('ventas',14);
INSERT INTO "sqlite_sequence" VALUES('egresos_adicionales',3);
INSERT INTO "sqlite_sequence" VALUES('turnos',6);
COMMIT;

COMMIT;
